;valor norm;predict
1616;-0.07790227738921973;-0.090944186
4685;-0.09188200229130021;-0.086603336
2434;-0.09397896102661228;-0.09173019
4019;-0.09100990045282542;-0.082381204
1488;-0.08640567805632522;-0.08982256
1237;-0.09453232513731963;-0.083584175
5092;-0.09171144964749484;-0.095315255
5390;-0.09526334825199093;-0.08639989
1453;-0.08576587264664;-0.08851232
2709;-0.09317512684474265;-0.09156148
2218;-0.09234799312136956;-0.092448756
4671;-0.09045490537421283;-0.07195524
6050;-0.09177995029951502;-0.091600604
1808;-0.09013453667854016;-0.097196266
1447;-0.09148403738509292;-0.09740283
3797;-0.08897719602809454;-0.08759192
6982;-0.09386246331909494;-0.077427916
5692;-0.08401840703387994;-0.080733135
5278;-0.07207739201335288;-0.076252796
3345;-0.09415370758788828;-0.046342995
4244;-0.09235789542650853;-0.088374406
5254;-0.08314467422749991;-0.049073037
1701;-0.08180216396588672;-0.08633146
3578;0.008146072491234392;-0.08498825
2429;-0.0885618176270561;-0.09280592
207;-0.09266836181704224;-0.0938672
6321;-0.09113713342409048;-0.09171196
4161;-0.08955204814095347;-0.088768564
6273;-0.08629011233046802;-0.0881235
6818;-0.09435985028134021;-0.094159976
460;0.058618473607659885;-0.074148364
4571;-0.09450355020356285;-0.08562258
3823;-0.09392071217285361;-0.09063502
4260;-0.05078161107918362;-0.07626141
1970;-0.09327997478150826;-0.08959026
2096;-0.09244486096517023;-0.092520766
897;-0.09259409452849994;-0.09314521
2762;-0.09420613155627108;-0.092033386
6064;-0.0924644908288869;-0.07142304
5108;-0.0935581037383893;-0.09315519
90;-0.09453939072328056;-0.08024726
3726;-0.05940136091922935;-0.08024033
5970;-0.09286430513620102;-0.05031591
4511;-0.09424549729661827;-0.0762537
1885;-0.08873632187310047;-0.0924441
1597;-0.0935681458407773;-0.086873986
2225;-0.09188200229130021;-0.092448756
5529;-0.0944682513981851;-0.087245874
6469;-0.09304697936647359;-0.08935663
581;-0.09100826948492018;-0.07987123
6722;-0.09301785493959425;-0.09160482
5613;-0.09211499770633488;-0.09162633
2692;-0.06449010427115662;-0.08947437
680;-0.0794065284080417;-0.094286814
469;-0.08722209399060672;-0.08650508
1500;-0.08106053024001475;-0.08632738
5414;-0.08515137636391293;-0.09209574
4895;-0.08961029699471214;-0.09578638
3057;-0.09291300700282865;-0.08632685
5716;-0.09240857192927858;-0.078276284
1076;-0.09179462901066221;-0.0699885
4270;-0.09204125465747641;-0.0874448
4111;-0.09013453667854016;-0.09601027
1842;-0.08994037402684077;-0.09194906
4742;-0.09300038028346665;-0.09383567
5003;-0.09188200229130021;-0.0891795
5536;-0.0662571665457867;-0.070312954
5998;-0.08853735310847746;-0.09366687
2824;-0.09401040667031389;-0.10753975
2619;-0.08773340242890032;-0.09435601
4784;-0.09349840798310327;-0.095414765
1547;-0.09473619612547497;-0.088074505
560;-0.08751455566044362;-0.08672795
232;-0.09386246331909494;-0.09364388
4255;-0.0924644908288869;0.014332338
2338;-0.09429932972228496;-0.09808692
3079;-0.09304697936647359;-0.086899325
1574;-0.08905693288400478;-0.09715717
6656;-0.09392071217285361;-0.09407448
2444;-0.0945032007104403;-0.084882595
4592;-0.09378751451896367;-0.08972764
2390;-0.09429932972228496;-0.09374287
3567;-0.08955204814095347;-0.093200326
5896;-0.08082054496252904;-0.08651468
5622;-0.08975986607143949;-0.07674195
1624;-0.09223149541385223;-0.0802109
662;-0.09304697936647359;-0.039422363
2388;-0.09483813161955264;-0.094185874
289;-0.08792108023571074;-0.06263158
3940;-0.0852847371145934;-0.096348196
6792;-0.09358210983848886;-0.0931759
5705;-0.09129951375371352;-0.07239655
3910;-0.09491094268675097;-0.092381954
5421;-0.09367723196414238;-0.09100683
1460;-0.0889113107496081;-0.08629065
5000;-0.09526043580930299;-0.08884421
4190;-0.09527179433578593;-0.086391725
2387;-0.09429932972228496;-0.09808692
5520;-0.09061111715022283;-0.08758947
5304;-0.08978504355598814;-0.04417646
4749;-0.09224688709096941;-0.08782696
561;-0.06647010105558689;-0.076788746
3717;-0.08117586297045691;-0.08975886
1711;-0.08464149502253643;-0.0750827
2809;-0.09413681542029827;-0.095556095
664;-0.09402890941871034;-0.09417887
2841;-0.09361461444635182;-0.095242456
5793;-0.08980106199077177;-0.085213974
3388;-0.08762877583777899;-0.08782857
3638;-0.09386246331909494;-0.09383661
3120;-0.09291883188820452;-0.0897222
6496;-0.09118301604619619;-0.085492134
3034;-0.09272078578542504;-0.080185965
89;-0.09453939072328056;-0.09542823
4901;-0.08494984115479332;-0.08702151
5915;-0.0837271627650866;-0.080129825
6875;-0.09093458468491547;-0.097834386
2013;-0.09362946790406027;-0.082085125
2529;-0.08984329240974681;-0.09471561
5069;-0.09474697216342033;-0.09643886
423;-0.08663960545302003;-0.09681694
5691;-0.09192135521689956;-0.09218664
2405;-0.09429932972228496;-0.094185874
5044;-0.07631383114722085;-0.074815184
6869;-0.09380421446533628;-0.0860405
275;-0.09421195644164695;-0.08705268
6223;-0.09362946790406027;-0.09345429
145;-0.09451198929749541;-0.076027215
172;0.02516324445136855;-0.087464
3441;-0.09260041452913276;0.026058825
64;-0.0924644908288869;-0.07840181
2594;-0.08869596706721647;-0.07974691
3556;-0.0945032007104403;-0.094488144
4766;-0.08649864322692405;-0.09064875
174;-0.09196937557193821;-0.0925956
4157;-0.09397896102661228;-0.08678708
6996;-0.06528271914130379;-0.07804971
1170;-0.07498983470128631;0.008592251
3809;-0.08358154063068993;-0.09174738
3202;-0.09397896102661228;-0.0919092
5311;-0.09232964473243557;-0.07988749
6268;-0.08489213984025998;-0.082864866
5449;-0.09146523873251938;-0.08517815
4602;-0.09267476919095569;-0.093933
2263;-0.08908605731088412;-0.08777045
6526;-0.09363878772066166;-0.093281545
2815;-0.08938545641920367;-0.081839934
3470;-0.0930201848937446;-0.09211508
3871;-0.08730269059959844;-0.0767083
4600;-0.09316989668016366;-0.094470285
6181;-0.09403720988037095;-0.09542798
3263;-0.09164900687626554;-0.091761045
2064;0.7650768816718455;-0.081042826
2686;-0.09421195644164695;-0.09635644
437;-0.09188200229130021;-0.09476982
2751;-0.09482356940611297;-0.09472123
5808;-0.0904257809473335;-0.07101663
2158;-0.08163020402977453;-0.08477514
6552;-0.0924644908288869;-0.09204744
2944;-0.09322085219494321;-0.06668989
6761;-0.09211499770633488;-0.09421274
404;-0.09371451123054793;-0.088435166
5884;-0.09135776260747219;-0.0896253
5323;-0.09329267303162765;-0.08405109
5615;-0.0945032007104403;-0.09479356
977;-0.0924644908288869;-0.08901006
6438;-0.0935450070661102;-0.08512793
240;-0.09195190091581061;-0.08994294
2568;-0.0896204905441199;-0.08793617
1340;-0.09456144956419897;-0.09344199
1815;-0.0938950826771998;-0.08404764
4038;-0.09521310861562407;-0.089545555
886;-0.09191928155770576;-0.08790369
2761;-0.0945905739910783;-0.08663107
5605;-0.09078127370182265;-0.06917004
154;-0.0945032007104403;-0.098494284
3145;-0.09335599885547992;-0.09346249
1949;-0.049122216568329595;-0.039026394
3170;-0.0936888817348941;-0.09406855
5378;-0.08663960545302003;-0.087909594
3657;-0.09253730189608524;-0.080299065
517;-0.08846401255919846;-0.096486665
5912;-0.09287922266764861;-0.084309645
4409;-0.09013453667854016;-0.09801138
3986;-0.09099661971416845;-0.09243026
110;-0.09217324656009356;-0.09582135
926;-0.09139853680510326;-0.07698872
6663;-0.0837271627650866;-0.0792137
1032;-0.08955204814095347;-0.09289285
2257;-0.0859802284284719;-0.04031223
2396;-0.09473619612547497;-0.09412957
3856;-0.09188200229130021;-0.07908881
3985;-0.09461969841795764;-0.0946889
4735;-0.09120213856239662;-0.091442786
6324;-0.0924644908288869;-0.09264801
456;-0.08961029699471214;-0.05920959
2481;-0.06409030918596423;-0.087363854
2095;-0.09527711828101948;-0.07624998
2786;-0.09206898111186554;-0.08774536
5186;-0.08838707106578009;-0.086220525
4776;-0.09013453667854016;-0.08635547
4546;-0.069629316177446;-0.04571489
3709;-0.08946295768410666;-0.08800901
1188;-0.04921814602309621;-0.08606159
1459;-0.09118301604619619;-0.09391353
3358;-0.08512513525529465;-0.08227326
5176;-0.08704734742933072;-0.0922419
178;-0.08955890752597209;-0.09329764
1029;-0.08805214015666775;-0.090145096
173;-0.09310522822023225;-0.0925956
3870;-0.08576587264664;-0.06434068
2288;-0.09409545873412963;-0.08953696
2192;-0.09452650025194377;-0.06422405
421;-0.08955204814095347;-0.091247045
4176;-0.0869774488048203;-0.08472419
1092;-0.09141601146123086;-0.092036344
3795;-0.09217324656009356;-0.09336774
530;-0.09188446680030274;-0.08709049
3788;-0.09275631758621783;-0.09310697
6075;-0.09409817720813454;-0.091334425
2364;-0.0946779472717163;-0.0926826
2004;-0.08227094142111989;-0.08896711
321;-0.0767664247409257;-0.07895004
1760;-0.08988406660737788;-0.07918612
4304;-0.08838707106578009;-0.09243686
141;-0.09223149541385223;-0.09486855
702;-0.07802159550623607;-0.082520954
3599;-0.08416402916827662;-0.09203912
3571;-0.09397896102661228;-0.09462071
3747;-0.09203733276215284;-0.09185401
5995;-0.09341598003014938;-0.08398751
5720;-0.09188200229130021;-0.08308586
3741;-0.08955787302632934;-0.100388475
4200;-0.09313435264711159;-0.092398
2678;-0.0945189209110927;-0.09188864
580;-0.09249361525576623;-0.09021446
4893;-0.09362946790406027;-0.08937296
34;-0.09386246331909494;-0.0797909
78;-0.09303707706133461;-0.0886249
1559;-0.0796497430019798;-0.0858398
82;-0.08809582679698676;-0.07553434
6717;-0.0943284541491643;-0.0926817
6768;-0.09139271191972739;-0.0874496
6083;-0.08506688640153598;-0.080058575
2603;-0.0868726008680547;-0.071379706
4996;-0.09520218695554432;-0.094129525
4125;-0.09071702521612683;-0.091032475
4282;-0.05052531612264548;-0.07343728
5963;-0.06625495308934387;-0.08311928
2120;-0.08570762379288134;-0.08697042
2817;-0.09490803024406305;-0.097092785
6125;-0.08256218568991323;-0.08337945
2409;-0.09483813161955264;-0.09513236
3915;-0.09529991513491501;-0.08459764
2176;-0.08108208231590545;-0.09226011
5807;-0.08633671141347496;-0.087683186
1688;-0.08924121128770986;-0.08604134
5022;-0.08838707106578009;-0.099087335
2480;-0.09362946790406027;-0.09359727
3357;-0.09244334067008712;-0.07791185
5075;-0.09386246331909494;-0.08994942
5426;-0.09459229349724126;-0.09372276
4807;-0.09386246331909494;-0.09304616
4466;-0.08955204814095347;-0.09034817
1267;-0.0947478458962267;-0.09520099
5303;-0.09310522822023225;-0.09252198
3573;-0.09304697936647359;-0.08837059
438;-0.09188200229130021;-0.08909203
1945;-0.09217324656009356;-0.093768045
3926;-0.09164900687626554;-0.08306523
912;-0.08799445340434785;-0.08472092
6803;-0.09188200229130021;-0.090257354
1921;-0.015185736547261216;-0.07748273
875;-0.09297708074196318;-0.09070788
2264;-0.08908605731088412;-0.08499212
871;-0.09456144956419897;-0.07645366
2201;-0.09071702521612683;-0.058481812
1000;-0.09489638047331131;-0.09446001
1089;-0.09311979043367193;-0.07060858
45;-0.09428767995153323;-0.0941097
6135;-0.09362946790406027;-0.095754944
91;-0.0945032007104403;-0.08111085
3290;-0.08547462837784667;-0.09185804
4051;-0.09042994574037724;-0.084860995
5588;-0.09226061984073156;-0.086701296
4871;-0.09278809699585149;-0.07976013
304;-0.09484636917245119;-0.09463071
1017;-0.07833914379240975;-0.09302891
615;-0.09000813200597554;-0.09730285
3379;-0.08955204814095347;-0.088299066
2380;-0.09118301604619619;-0.08670352
5815;-0.08926080387216012;-0.08468679
5103;-0.09071702521612683;-0.08425283
3636;-0.09370169648272102;0.051777646
505;-0.09115389161931685;-0.082002774
2178;-0.08955204814095347;-0.09389215
2084;-0.09461969841795764;-0.0962483
5715;-0.09392071217285361;-0.09775917
2274;-0.09223149541385223;-0.08937208
4081;-0.09374596561157761;-0.09250031
6892;-0.09478782208456128;-0.09212441
1148;-0.09386246331909494;-0.093665525
176;-0.09199849999881755;-0.09659651
2736;-0.08617729595050823;-0.09045577
1182;-0.09076362429913377;-0.08883439
3921;-0.09211499770633488;-0.0960883
3846;-0.09270191257431869;-0.0733098
6843;-0.09351297019654294;-0.092477195
2800;-0.08896955960336678;-0.08430848
6932;-0.08862977481727072;-0.070967905
1746;-0.06625250663748601;-0.082888365
563;-0.014323362267364127;-0.08864124
6385;-0.09000518927388365;-0.08256118
6377;-0.09257225120834044;-0.09402575
4064;-0.09362946790406027;-0.096551806
1680;-0.08838707106578009;-0.09385558
3497;-0.08594061920791601;-0.08919655
4345;-0.09153600409997371;-0.083463766
6583;-0.09013453667854016;-0.100779764
6838;-0.08670793543589872;-0.08612994
4419;-0.09304697936647359;-0.08809246
5265;-0.09310522822023225;-0.082969956
6245;-0.07790227738921973;-0.092179365
3454;-0.07982973196009409;-0.09449075
5885;-0.087516250702088;-0.08453325
6694;-0.07522522996909584;-0.08928857
4337;-0.06331559943097394;-0.06459374
5127;-0.09150920962724474;-0.09472319
1216;-0.08985028227219785;-0.08129853
2539;-0.09252448714825832;-0.090012744
2656;-0.09481774452073712;-0.08938283
6205;-0.0858596707758476;-0.08960235
3613;-0.0876298359669174;-0.09013096
4297;-0.08130157331668472;-0.0720225
1452;-0.08576587264664;-0.08666315
2021;-0.08296992766622391;-0.09593089
2547;-0.09121097549600035;-0.08888884
6307;-0.08360852441219363;-0.0773655
26;-0.09196937557193821;-0.0925956
3332;-0.09188200229130021;-0.0913826
1119;-0.09058014040979397;-0.08751164
6338;-0.08972679470222947;-0.09141462
366;-0.09293048165895625;-0.07491076
6104;-0.0945032007104403;-0.09530525
1105;-0.09374596561157761;-0.08864624
273;-0.0928139839514389;-0.09823064
1111;-0.09374596561157761;-0.08865742
1731;-0.08489213984025998;-0.083585665
1419;-0.0921709166059432;-0.08613858
1979;-0.08998891454414348;-0.08655663
5055;-0.0813995385688902;-0.07756087
783;-0.0943284541491643;-0.08992246
6823;-0.07506264576848465;-0.08920928
3201;-0.07144539195007132;-0.074832626
4646;-0.08809582679698676;-0.08915538
987;-0.04880705648516002;-0.08191359
6172;-0.0952383012448747;-0.09290245
3157;-0.0431330123409866;-0.086851954
5054;-0.08140303350011573;-0.08167317
293;-0.09416710482425278;-0.08463734
6887;-0.0915589768654076;-0.07904396
4321;-0.09537636093058788;-0.07229658
1319;-0.09244119128738343;-0.09187256
6988;-0.08106024831556256;-0.08221532
1394;-0.08555442930749603;-0.085415296
5040;-0.08987241683662614;-0.08059098
5690;-0.09419407520852012;-0.07347404
1005;-0.0946779472717163;-0.07491176
3972;-0.08995862514018897;-0.08873002
61;-0.09386246331909494;-0.08639094
6283;-0.0943284541491643;-0.092807814
6734;-0.09188200229130021;-0.085547596
3484;-0.08733859169812405;-0.087015934
6647;-0.09489113807647304;-0.08360687
835;-0.09175967969840701;-0.091367126
4333;-0.09450424918980796;-0.09500731
6485;-0.09223149541385223;-0.084033884
1972;-0.08908605731088412;-0.09289102
6127;-0.09278777196724751;-0.095394455
6756;-0.09351929077966428;-0.09336588
2785;-0.09322172592774959;-0.09260088
2768;-0.0902622764148329;-0.08550394
2675;-0.09280289569963741;-0.09472908
6530;-0.09362946790406027;-0.081413925
1487;-0.08679320185549627;-0.061120167
1235;-0.06741748371265938;-0.08283412
1951;-0.08454264671770796;-0.086177304
5034;-0.07775350981672009;-0.074815184
4677;-0.08516595313956604;-0.075921305
608;-0.09385500746581384;-0.09166969
3897;-0.08936565180892572;-0.09157516
3576;1.1121817866575385;-0.09851109
148;-0.0945032007104403;-0.08460551
6548;-0.0924644908288869;-0.089429855
400;-0.09227731396221879;-0.09322202
862;-0.09258098853640423;-0.09142381
3291;-0.09071702521612683;-0.095068745
535;-0.08838760287781491;-0.08876261
2667;-0.09300038028346665;-0.081500344
699;-0.09429932972228496;-0.09860512
6683;-0.0945905739910783;-0.09095562
1069;-0.09224886347457745;-0.08056777
6594;-0.0634729295849761;-0.053812843
4385;-0.08870686426277763;-0.09168636
2278;-0.09473619612547497;-0.09077839
3485;-0.08733859169812405;-0.09186576
1039;-0.08677124786251462;-0.08031156
47;-0.09188200229130021;-0.09243482
913;-0.08874815571023008;-0.08730332
1094;0.050245200879851265;-0.08608602
1771;-0.09416797855705916;-0.06770782
3045;-0.0929000769222713;-0.08958925
6541;-0.06694901555883968;-0.06029842
6477;-0.09234799312136956;-0.08760155
1317;-0.09409545873412963;-0.08452559
6555;-0.0924644908288869;-0.094000675
1526;-0.08227094142111989;-0.080866426
5002;-0.09322172592774959;-0.09226301
2694;-0.08640078515260949;-0.09592914
2491;-0.09293048165895625;-0.09545627
3090;-0.058910995856304695;-0.083794266
4218;-0.09188200229130021;-0.0941169
153;-0.07790227738921973;-0.08515158
3349;-0.08547472681840951;-0.05374972
5204;-0.07632955833773568;-0.08921283
5275;-0.08056425000599089;-0.08490692
6559;-0.08936776740729424;-0.09451566
3215;-0.04994282758505879;-0.08535545
1741;-0.09362946790406027;-0.08438905
315;-0.08815407565074541;-0.06691639
2119;-0.06625314737487735;-0.0740205
843;-0.09520218695554432;-0.069998
1744;-0.0837271627650866;-0.054213077
4991;-0.08086174321181547;-0.08473867
6225;-0.08974369152972779;-0.057673544
269;-0.09392071217285361;-0.08727728
4976;-0.09288155262179897;-0.087096475
540;-0.0943284541491643;-0.091266535
5782;-0.06900476497758311;-0.0682554
4545;-0.08057900444064797;-0.09733909
2130;-0.09258098853640423;-0.09029469
5088;-0.07790227738921973;-0.08620655
4251;-0.006663544799933186;-0.08109373
6685;-0.0945905739910783;-0.09082833
4777;-0.09362946790406027;-0.093566306
824;-0.08314467422749991;-0.09321363
2837;-0.09314442969881184;-0.094525956
1705;-0.08845988213297842;-0.08388702
5009;-0.08782568725288725;-0.084839925
506;-0.05470181718599578;-0.08162474
3950;-0.09502744039426832;-0.08939892
564;-0.09362946790406027;-0.0624885
5399;-0.09080719444174526;-0.08875953
4721;-0.09351297019654294;0.8874736
792;-0.08856473006974404;-0.08382588
3893;-0.09497210398319758;-0.075491555
4641;-0.09421195644164695;-0.09733997
5893;-0.08783811755827935;-0.08667979
4568;-0.09316347707399092;-0.0826004
5047;0.11490142855197345;-0.082374565
1553;-0.0945032007104403;-0.0916203
1962;-0.0904257809473335;-0.088369474
1101;0.7201070191045406;-0.06643388
1271;-0.0945905739910783;-0.09569367
3340;-0.08244808783517076;-0.08958297
1836;-0.08039066842179006;-0.08739436
6204;-0.0898118252139693;-0.08960235
2891;-0.08106024831556256;-0.0853811
5833;-0.08981999286824334;-0.092189826
1083;-0.07790227738921973;-0.07418851
3365;-0.08733859169812405;-0.07179022
2203;-0.09071702521612683;-0.08226287
3451;-0.09403720988037095;-0.07655506
2508;-0.08397038027146739;-0.08191544
6134;-0.09258098853640423;-0.092954405
274;-0.09418283201476763;-0.08727728
2048;-0.09343530525236089;-0.0921692
6718;-0.04576819048502877;-0.07151975
3050;-0.08139720861473985;-0.07460728
997;-0.09388576286059841;-0.09818218
5902;-0.09395391401949606;-0.08500936
6176;-0.0859986979750217;-0.08933647
5665;-0.09508743671363974;-0.07675749
2069;-0.09013453667854016;-0.08613913
6715;-0.09164900687626554;-0.0938631
3488;-0.0943284541491643;-0.09315728
5919;0.2328879767713823;-0.05758154
2351;-0.08966272096309494;-0.08257532
3803;-0.07906725446439311;-0.08975367
4848;-0.025478309006417964;-0.07853675
4927;-0.09444495185668163;-0.09355776
3686;-0.09494006711363032;-0.087449595
2923;-0.0948570624970242;-0.0020546897
2892;-0.09159075802250687;-0.09013699
4604;-0.09430904563109191;-0.09477887
1462;-0.09188200229130021;-0.09301587
4734;-0.09200511706860454;-0.09413116
4322;-0.06133241002686915;-0.050749633
4093;-0.08058172466211849;-0.08671469
1381;-0.09319260150087026;-0.08691409
1666;-0.06741750468224673;-0.09305531
1075;-0.0720970568263818;-0.0858425
512;-0.08525270024502614;-0.09080099
5445;-0.09362946790406027;-0.0755961
3776;-0.04329488590558194;-0.07692123
6111;-0.08588896121196013;-0.077146225
3466;-0.08710295178512874;-0.080044076
5510;-0.03863716310188147;-0.09014667
1255;-0.09393527438629327;-0.08963046
5346;-0.06628792194057129;-0.08506941
1636;-0.07744346281793346;-0.08967844
330;-0.09327997478150826;-0.09099797
652;-0.08489213984025998;-0.08422675
1406;-0.08008660940516982;-0.09175442
3696;-0.0904257809473335;-0.0842723
2080;-0.08838707106578009;-0.076982155
2666;-0.08576936757786552;-0.09954005
6974;-0.09130728065587371;-0.0851352
288;-0.09211499770633488;-0.08114711
4905;-0.09327997478150826;-0.09214481
1959;-0.08780458252819341;-0.08894283
4227;-0.034238936611721726;-0.08888185
829;-0.09421195644164695;-0.088971734
5246;-0.09298383760899918;-0.093320936
3740;-0.07615481177645968;-0.049173612
2469;-0.09452766522901894;-0.0919926
2180;-0.08217774325510602;-0.086608395
6344;-0.0858157860894258;-0.08523797
2769;-0.08955204814095347;-0.08799532
277;-0.09418283201476763;-0.08727728
1633;-0.08587390621321767;-0.08824649
2852;-0.08262043454367189;-0.09347913
6193;-0.0013268797641955922;-0.07411937
449;-0.09254603922414903;-0.091521114
1634;-0.09367315454437927;-0.08360383
3378;-0.09429962096655375;-0.07901426
3085;-0.08838707106578009;-0.07566083
3848;-0.025506268456222125;-0.029222693
1581;-0.09430107718789772;-0.087664425
6951;-0.09033724268962032;-0.09053185
6033;-0.08554999307479377;-0.08283564
4449;-0.09345472134278426;-0.09314549
2183;-0.09202599345779164;-0.09453817
4204;-0.07597807310438513;-0.07263241
1225;-0.08489213984025998;-0.08262037
4668;-0.09457135186933795;-0.09207638
1280;-0.08789625748668149;-0.082738146
528;-0.08139720861473985;-0.08426292
3304;-0.08605711691543334;-0.0875232
3528;-0.08307889496192733;-0.08140676
3591;-0.0938877042948942;-0.069938056
227;-0.09272078578542504;-0.09360416
1555;-0.08489213984025998;-0.09026785
2333;-0.09429932972228496;-0.09808692
782;-0.09327997478150826;-0.08992246
4763;-0.09496103670098344;-0.09616838
37;-0.08104771549218784;-0.105407745
5181;-0.09491094268675097;-0.07605504
1671;-0.08663960545302003;-0.092605464
1367;-0.08846200821614061;-0.053927597
1195;-0.0919065250587326;-0.08812647
2005;-0.0928192729473602;-0.08993434
2386;-0.09374596561157761;-0.07660743
3144;-0.09422269170539468;-0.07830687
4381;-0.03746477851997561;-0.08408258
5546;-0.07935849873318646;-0.09251779
1853;-0.09142241883514432;-0.09004541
1728;-0.09380023082622772;-0.09276597
2497;-0.09427020529540563;-0.093287535
3826;-0.08489213984025998;-0.07895326
3021;-0.0907752740698855;-0.0700221
2254;-0.09345472134278426;-0.09321311
3213;-0.07260308791852486;-0.076124586
4261;0.2606863510202444;-0.034898266
5192;-0.09199849999881755;-0.08487996
1876;-0.08596974363479534;-0.08709122
5394;-0.08665533264353488;-0.08456224
3244;-0.09013453667854016;-0.09251351
210;-0.0796497430019798;-0.076058656
4436;-0.09155547028441133;-0.09809421
6345;-0.09327997478150826;-0.080509156
1906;-0.09322172592774959;-0.023088597
3980;-0.08681920589127975;-0.090127684
223;-0.09461969841795764;-0.09388343
431;-0.09304697936647359;-0.094001494
1152;-0.09386246331909494;-0.093665525
441;-0.09280961528740701;-0.09255124
6701;-0.09275573509768024;-0.09134383
5729;-0.09362946790406027;-0.07827741
485;-0.0943284541491643;-0.0813644
6417;-0.0945189209110927;-0.0949876
1451;-0.09468784957685528;-0.08999451
549;-0.09231886869449023;-0.093401365
3097;-0.04762673666190661;0.020768987
3713;-0.09136431618600858;-0.097709306
6355;-0.07382485762611293;-0.07630552
6881;-0.09421195644164695;-0.09510301
5785;-0.09258098853640423;-0.09195188
1066;-0.09304697936647359;-0.08572319
1290;-0.08939710560746687;-0.0913743
1209;-0.09278870394890765;-0.09350194
6635;-0.07708408602987567;-0.090960465
2974;-0.09421195644164695;-0.088956416
1373;-0.09293048165895625;-0.09080708
4855;0.021120774000516946;-0.014996195
1790;-0.09230164101350256;-0.07449911
5738;-0.08436790015643196;-0.080605924
2207;-0.09304697936647359;-0.08440173
5019;-0.07322431194386106;-0.080023594
6347;-0.09046131274812629;-0.08634252
3581;-0.08314467422749991;-0.08911111
6119;-0.0945032007104403;-0.08260594
1637;-0.082567311589044;-0.07914195
5762;0.1635549486309766;-0.08445391
3394;-0.04916215314744361;-0.056346096
6585;-0.08629011233046802;-0.09103356
4049;-0.0940570144906489;-0.09496836
5005;-0.09226325268892145;-0.0908342
1974;-0.08744923073593035;-0.08915568
3822;-0.09188200229130021;-0.08898967
5123;-0.09075197452838205;-0.08761507
5997;-0.09427020529540563;-0.09305675
743;-0.09048402980109216;-0.090038896
4236;-0.09456144956419897;-0.075473554
1660;-0.08978504355598814;-0.08636771
2967;-0.09386246331909494;-0.08180617
5080;-0.09479522434889694;-0.092541985
2639;-0.09505656482114765;-0.094321564
1650;-0.09013453667854016;-0.088080145
2148;-0.09414671772543724;-0.089612365
6781;-0.09327997478150826;-0.08686616
1401;-0.09454292642870371;-0.09437919
5430;-0.09456144956419897;-0.08470629
1522;-0.08955204814095347;-0.07833399
3995;-0.09461969841795764;-0.091218114
6912;-0.0945032007104403;-0.09462576
2992;-0.03329782036633659;-0.08222368
3093;-0.09440417765905057;-0.08874076
3685;-0.09489346803062337;-0.09926614
6777;-0.08892296052035985;-0.080890395
2545;-0.09479129954113068;-0.08259137
948;-0.09475949566697844;-0.07408356
2947;-0.09081896071020451;-0.09086024
1928;-0.08167680311278147;-0.06958483
826;-0.08722209399060672;-0.084508106
2982;-0.09485793622983059;-0.07673592
4351;-0.09364037791436927;-0.09309947
2581;-0.08722209399060672;0.11593774
1860;-0.09100826948492018;-0.09144547
4523;-0.08212531928672322;-0.094148
2796;-0.08838707106578009;-0.09228811
5460;-0.09331879065267595;-0.09094078
3172;-0.09348967065503946;-0.046022877
189;-0.09479444497923364;-0.094256274
5777;0.12381932806242563;-0.075343564
5789;-0.09393585687483087;-0.07030882
1647;-0.06986632610348172;-0.08535988
4798;-0.09275573509768024;-0.0926144
879;-0.09266253693166637;-0.07747531
4458;-0.0937022789712586;-0.09106389
5672;-0.08653475751625443;-0.087557465
786;-0.08859966773222848;-0.07413953
3082;-0.09092089620428218;-0.093300045
1560;-0.0943284541491643;-0.083697446
6328;-0.0924644908288869;-0.088368
1821;-0.0929452139590489;-0.085898876
2775;-0.09421195644164695;-0.08919351
6418;-0.0945189209110927;-0.09248235
217;-0.09013453667854016;-0.09093983
6747;-0.09275573509768024;-0.09452496
1257;-0.09472163391203531;-0.09520099
3278;-0.0914451358881102;-0.09167922
5491;-0.08812495122386609;-0.08580932
6173;-0.08069822236963584;-0.094599314
613;-0.08083537919811576;-0.09056648
5467;-0.02818187130477281;-0.08647723
4587;-0.09083934780902005;-0.050805572
1582;-0.09430107718789772;-0.093480006
3527;-0.0913420284270949;-0.090466924
97;-0.09473446846447249;-0.06911593
5052;0.005423304963306775;-0.09340113
4124;-0.0924256580655516;-0.09213528
411;-0.09333822363526692;-0.0985991
5149;-0.09327997478150826;-0.089223236
3026;-0.09327997478150826;-0.093836024
2561;-0.09217324656009356;-0.09468008
2127;-0.09484636917245119;-0.09453817
947;-0.09129951375371352;-0.08206458
809;-0.09421195644164695;-0.09490248
4088;-0.09488764314524752;-0.0823049
1766;-0.09416244491595209;-0.07891324
5370;-0.0926963212668464;-0.09359563
2171;-0.09485269383299232;-0.092008345
2132;-0.09421195644164695;-0.09466646
4283;-0.09210334793558315;-0.089241244
1726;-0.09337427967574355;-0.094547845
6447;-0.08770264703411573;-0.08043676
730;-0.07615481177645968;-0.0930651
6973;-0.09461969841795764;-0.09289788
3054;-0.09456144956419897;-0.089272
1986;-0.058519339883448006;-0.08201478
1478;-0.09508568924802699;-0.08640368
2777;-0.0837271627650866;-0.084071524
4080;-0.09374596561157761;-0.094456695
638;-0.08955204814095347;-0.073427744
4608;-0.09035355236867275;-0.053765588
780;-0.09071714171383435;-0.08890779
928;-0.09389158774597428;-0.0945654
4253;-0.09094705925943643;-0.06640106
204;-0.09374596561157761;-0.08916133
1070;-0.09170725573002421;-0.086845666
260;-0.09362946790406027;-0.090571016
5448;-0.09154046363221749;-0.09253407
2490;-0.09258098853640423;-0.07467763
6140;-0.09164900687626554;-0.08696605
1146;-0.09461969841795764;-0.09538144
6575;-0.07353361335731959;-0.092288636
4360;-0.09513228833103392;-0.08340042
5933;-0.08674927639487685;-0.09158511
4923;-0.08908605731088412;-0.093904145
1854;-0.0874679041534683;-0.082964554
5423;-0.09346438366264576;-0.09100683
4427;-0.08954913569826553;-0.08650347
3524;-0.060427621261619144;-0.07773288
385;-0.09460028232753426;-0.09230817
51;-0.09066992111555781;-0.08744436
4877;-0.08926080387216012;-0.084098466
3353;-0.08733859169812405;-0.08764813
1749;-0.0946779472717163;-0.07299272
6327;-0.09188200229130021;-0.08121013
4127;-0.09188200229130021;-0.08671637
5709;-0.09479444497923364;-0.08957981
4808;-0.09386246331909494;-0.09304616
4948;-0.08911925915752655;-0.04222342
5991;-0.09117835613789549;-0.05130442
1412;-0.08928733098265036;-0.09128537
428;-0.0859802284284719;-0.078008056
930;-0.07411610189490628;-0.08488711
6987;-0.08106024831556256;-0.09201262
1796;-0.09455585767423813;-0.09253119
6702;-0.03712807975815169;-0.07759234
1354;-0.09516723764328912;0.053455062
137;-0.09444495185668163;-0.094765365
5756;0.01560691420417987;-0.08714321
6567;-0.09494006711363032;-0.09102891
2249;-0.09118301604619619;-0.091637544
3815;-0.0946779472717163;-0.09430883
4596;-0.09488266578069383;-0.0829217
4012;-0.0942834860340626;-0.0945053
4007;-0.09071702521612683;-0.08589566
4891;-0.08081472007715317;-0.085865945
1575;-0.09287356087906327;-0.071743645
1376;-0.09392071217285361;-0.0776378
3604;-0.09104608522326885;-0.07902178
2612;-0.08605711691543334;-0.09289198
2354;-0.08489213984025998;-0.06895129
635;-0.09188200229130021;-0.088610485
4057;-0.0924644908288869;-0.09175747
5059;-0.09424440105319054;-0.099103525
6287;-0.09150687967309439;-0.083309576
94;-0.0914626105442378;-0.09100648
3907;-0.08955204814095347;-0.075896025
2669;-0.09206094277004684;-0.0920554
2301;-0.09362946790406027;-0.08427067
821;-0.0945032007104403;-0.0942508
5792;-0.08110596434594651;-0.08582821
155;-0.09374596561157761;-0.09706176
6274;-0.06974743786300613;-0.056227613
5788;-0.0854376403557099;-0.09409627
445;-0.0946779472717163;-0.09462813
5650;-0.0817985822438691;-0.08339251
1410;-0.08955204814095347;-0.098473296
244;-0.08943555043343612;-0.0916709
4782;-0.08733205384677818;-0.085618764
5326;-0.08108592674025353;-0.078163125
1590;-0.09188782717667608;-0.08922181
4145;-0.09013453667854016;-0.08731709
2325;-0.08629011233046802;-0.09583054
1217;-0.08844031051811552;-0.094350606
2451;-0.08885306189584945;-0.09083957
4491;-0.09031822152642542;-0.08962864
1309;-0.09438670300292296;-0.09453734
2321;-0.0946779472717163;-0.09022984
4773;-0.09376723809297027;-0.08219266
6348;-0.09330909920838759;-0.089562416
3264;-0.08961489865415907;-0.049114168
5259;-0.09478570765116984;-0.094351456
432;-0.09304697936647359;-0.08379133
709;-0.08764148573766914;-0.077404715
1669;-0.09109913769678371;-0.09419861
5830;-0.09013455415319628;-0.09337866
4661;-0.09414825549517648;-0.09238909
3239;-0.09057140308173017;-0.08509266
2900;-0.09515363653593648;-0.09093113
3828;-0.09100826948492018;-0.09221145
2844;-0.09502744039426832;-0.09291743
2987;-0.0924644908288869;-0.08847046
5987;-0.08314467422749991;-0.009916895
5500;-0.09298729001856146;-0.08063549
3055;-0.09129951375371352;-0.089272
6087;-0.09223149541385223;-0.08329925
5955;-0.08955204814095347;-0.0872496
2;-0.09537693351682033;-0.093373656
4538;-0.09189365206205194;-0.085238576
5595;-0.07440734616369962;-0.09171407
231;-0.09386246331909494;-0.09364388
6059;-0.09129951375371352;-0.07921993
3764;-0.02712092668241242;-0.100402825
6222;-0.09422943109777455;-0.08493384
2518;-0.08518338410905332;-0.08051923
6211;-0.08838707106578009;-0.08615204
6822;-0.09153394908041311;-0.09154909
2063;-0.08908605731088412;-0.086316906
4618;-0.0931435676157762;-0.088185735
4178;-0.08479974143100821;-0.08010447
6554;-0.0924644908288869;-0.09388576
2742;-0.09170725573002421;-0.09491734
285;-0.09293048165895625;-0.09277878
287;-0.09386246331909494;-0.07844891
2741;-0.09075139203984445;-0.078626916
1955;-0.09189726349098498;-0.08699558
3035;-0.09421195644164695;-0.08399027
3516;-0.09324211302656513;-0.092240736
5329;-0.08563772516837093;-0.0976476
4672;-0.08605711691543334;-0.092979796
377;-0.09435985028134021;-0.09408933
6352;-0.0900412161899334;-0.060228284
4597;-0.09522781645119814;-0.07999841
6478;-0.09526626069467886;-0.07505834
3251;-0.09386246331909494;-0.05568848
73;-0.09304697936647359;-0.0933175
4944;-0.08479281389483069;-0.0787401
6779;-0.08722209399060672;-0.093181334
4924;-0.09277560552916293;-0.081318215
5013;-0.09003346792740641;-0.0905467
1346;-0.09164900687626554;-0.08898141
4853;0.021120774000516946;-0.047723364
2055;-0.08838707106578009;-0.08817298
6861;-0.09042322032772226;-0.092662305
4950;0.06835730916344522;-0.076238565
1658;-0.0915325091687482;-0.09385117
2973;-0.09422360621239868;-0.094413765
6027;-0.09416112849185715;-0.09391202
1530;-0.054602735885752283;-0.092195265
5355;-0.09146210086676741;-0.091007344
3898;-0.09275573509768024;-0.0875929
4485;-0.08187618893919739;-0.079991296
1641;-0.06921737329380225;-0.094409026
6432;-0.09364694256018787;-0.09314977
6423;-0.09456144956419897;-0.092335336
4794;-0.09386246331909494;-0.09532334
1683;-0.09275573509768024;0.5757976
6357;-0.09318386417280645;-0.095251806
2498;-0.09199849999881755;-0.09194624
6636;-0.09404885965112268;-0.088283986
124;-0.0837271627650866;-0.078908816
1423;-0.08955204814095347;-0.09008106
4801;-0.0943284541491643;-0.09114415
6314;-0.08489213984025998;-0.09458813
5858;-0.09398478591198815;-0.07883412
2487;-0.09524412613025056;-0.10263992
6488;-0.052144448443292975;-0.08567597
5301;-0.09031277817104168;-0.05585366
6670;-0.014111899123609882;-0.08718707
283;-0.09339647248902559;-0.08826797
2188;-0.08576587264664;-0.0901092
6006;-0.09441388774297213;-0.092613235
6175;-0.08163019936986624;-0.08410446
6495;-0.09429932972228496;-0.09453926
2812;-0.09412653449760987;-0.08174928
5585;-0.04498353473825918;-0.0829839
5968;-0.06663112418691736;-0.08832087
1466;-0.09410662969930346;-0.08870609
5432;-0.09459229349724126;-0.09372276
5158;-0.09008017127586157;-0.08730314
4514;-0.09355956927954986;-0.08746702
6784;-0.09275573509768024;-0.092064865
1370;-0.08908605731088412;-0.090250015
1202;-0.09519519709309328;-0.092090346
1173;-0.09105131597033637;-0.09721838
6965;-0.08427120705919257;-0.08760595
1608;-0.09130162236221959;-0.08062109
5590;-0.09304697936647359;-0.09813446
2224;-0.09362946790406027;-0.09099399
3116;-0.0870930593822949;-0.08067965
4796;-0.08607295710872448;-0.08861436
6277;-0.09223149541385223;-0.06683397
4890;-0.0815137063222572;-0.085865945
2655;-0.0945340726029324;-0.059963387
2887;-0.09333289386514801;-0.061522167
1279;-0.09386246331909494;-0.09587864
6870;-0.09223149541385223;-0.09273368
3712;-0.08932399455867168;-0.078168556
6227;-0.0812772887870642;-0.08696572
4295;-0.09200719888263786;-0.09871766
2337;-0.09473619612547497;-0.09448605
4155;-0.09503909016502005;-0.06398717
3672;-0.08663960545302003;-0.0933718
870;-0.07260743910790063;-0.086257756
3837;-0.07790199779472169;-0.076425314
5697;-0.08205444208146967;-0.09341404
6882;-0.09399410572858953;0.81623554
6025;-0.09051221234400622;-0.06990075
2406;-0.09473619612547497;-0.09489741
5481;-0.08655223217238203;-0.08060702
2151;-0.08638108539026831;-0.075968936
1059;-0.0928284890810019;-0.080373146
3238;-0.08760442490446518;-0.09364058
4547;0.007048470700226597;-0.07622487
4273;-0.09443038964324196;-0.08931358
337;-0.09304697936647359;-0.09194055
5975;-0.09370184792974079;-0.09357996
6697;-0.09275573509768024;-0.094679505
1996;-0.08969767027535014;-0.09027829
2232;-0.08594061920791601;-0.086813755
1809;-0.0936673296590034;-0.09319546
6500;-0.09112142429072032;-0.08632815
4554;-0.09001803897102281;-0.08207402
4202;-0.07238416950397804;-0.07886057
3372;-0.060427621261619144;-0.09065501
2576;-0.005255066546461225;-0.091511846
4016;-0.03412220707376643;-0.09013508
2433;-0.08663960545302003;-0.08677529
6564;-0.09386246331909494;-0.09325421
602;-0.09214412213321423;-0.08544365
4792;-0.0855212274608536;-0.08802944
270;-0.09167813130314487;-0.09266844
5804;-0.04673914062833202;-0.08635465
6424;-0.07790227738921973;-0.08122443
4087;-0.08651339940904675;-0.090182945
2586;-0.09485269383299232;-0.08410483
1357;-0.0947128965839715;-0.0793424
3363;-0.09275573509768024;-0.0788608
4060;-0.0859802284284719;-0.0637447
6691;-0.0945905739910783;-0.092574306
5859;-0.07528107897007964;-0.08665577
6078;-0.08489213984025998;-0.07376654
3508;-0.09103593769045555;-0.08740813
333;-0.09476239121749878;-0.08841893
5057;-0.08195095891534762;-0.089067385
5372;-0.0893234213899507;-0.09545716
741;-0.08987241683662614;-0.09167922
2566;-0.0823123563561423;-0.08001647
6380;-0.09277134404302195;-0.08289597
6737;-0.054216463271959975;-0.06982179
311;-0.09392071217285361;-0.09167782
2332;-0.08148141956510731;-0.07581984
1251;-0.09013453667854016;-0.09058201
6375;-0.09401798775863059;-0.090516
1051;-0.09461853344088246;-0.09377768
159;-0.08157195517601586;-0.08996246
1109;-0.09293048165895625;0.006747568
6034;-0.08218007320925637;-0.05839721
3322;-0.09468610211124252;-0.09157532
3092;-0.09180919122410187;-0.09101492
3808;-0.09392071217285361;-0.08525844
5151;-0.09327997478150826;-0.0911397
6933;-0.09358210983848886;-0.089675084
3880;-0.0810669376139282;-0.08068455
6290;-0.09339647248902559;-0.09227479
5914;-0.08039066842179006;-0.08551124
3584;-0.08926080387216012;-0.0799062
3113;-0.08663960545302003;-0.07789544
2229;-0.09188200229130021;-0.09278204
6877;-0.09071702521612683;-0.084985964
6386;-0.08978504355598814;-0.08982348
748;-0.09183540320829328;-0.0913826
4562;-0.09005881316865388;-0.0912856
6454;-0.09421195644164695;-0.0512525
2411;-0.09520393442115709;-0.08243059
5787;-0.08538102246985647;-0.091523536
3382;-0.08497951312089798;-0.090975225
781;-0.09362946790406027;-0.09251657
5945;-0.09345472134278426;-0.09418085
1586;-0.0924644908288869;-0.085007325
4678;-0.08967837476005404;-0.07226795
2802;-0.09211499770633488;-0.08833306
4229;-0.09414205781713655;-0.09536362
3449;-0.09354597807450236;-0.08034725
1457;-0.08846436146983247;-0.08054739
208;-0.09362946790406027;-0.087953344
6066;-0.09307027890797705;-0.09246899
4215;-0.07516050384279921;-0.076625004
1643;-0.09479444497923364;-0.09612123
165;-0.09013453667854016;-0.093687885
1502;-0.08955204814095347;-0.0857556
2955;-0.08508277261142158;-0.09157633
4198;-0.09392071217285361;-0.08599948
6577;-0.08186811914299766;-0.08485527
4292;-0.08790351645883689;-0.08056411
5431;-0.09461969841795764;-0.093518846
5981;-0.08547462837784667;-0.09309483
365;-0.09199849999881755;-0.06553632
2479;-0.09456203205273656;-0.08815611
6902;-0.09421195644164695;-0.08331187
2198;-0.09365169566665457;-0.08970156
2500;-0.09327997478150826;-0.09194624
6381;-0.08905110799862892;-0.09072077
5486;0.06771985700745185;-0.06230295
280;-0.09444495185668163;-0.099043824
4197;-0.09423525598315043;-0.09367251
2902;-0.08955204814095347;-0.08785843
395;-0.09479444497923364;-0.09771211
6986;-0.0851002629947397;-0.091281615
6638;-0.08605711691543334;-0.08961489
25;-0.09310522822023225;-0.0925956
6834;-0.09298383527904504;-0.089422956
1585;-0.0924644908288869;-0.092473134
6649;-0.0945905739910783;-0.09263744
3473;-0.09223149541385223;-0.09448636
6322;-0.09397896102661228;-0.08242479
6457;-0.09479444497923364;-0.07810655
1720;-0.0946429979594611;-0.08563211
481;-0.08547462837784667;-0.08757743
5270;-0.09452207333905811;-0.0843721
3509;-0.09047555459287028;0.5724886
3534;-0.07990891952931338;-0.09183185
6820;-0.0946779472717163;-0.09442798
1049;-0.09461853344088246;-0.09377768
1177;-0.0902717109816762;-0.092748344
1699;-0.08146419479656232;-0.08513557
6316;-0.09459229349724126;-0.09372276
4467;-0.0946779472717163;-0.08539362
810;-0.09421195644164695;-0.09932504
5735;-0.09423816842583836;-0.0804306
1602;-0.08354164016586524;-0.0909517
3536;-0.08984329240974681;-0.08956229
2617;-0.08838707106578009;-0.093702234
180;-0.07207739201335288;-0.095416546
6879;-0.08081472007715317;-0.085948855
1899;-0.0837271627650866;-0.09076184
1651;-0.09351297019654294;-0.088190496
6035;-0.09188200229130021;-0.008322167
1293;-0.09304697936647359;-0.09060499
5527;-0.0885141607448649;-0.08352535
2074;-0.08792108023571074;-0.08735117
341;-0.09304697936647359;-0.08505985
6143;-0.09258098853640423;-0.086603135
5046;-0.05445711375135561;-0.07715713
2042;-0.0021787675029505084;-0.09382782
1884;-0.08081472007715317;-0.09573894
4298;-0.09421195644164695;-0.09292019
3551;-0.09374596561157761;-0.086771205
1995;-0.09069177433802246;-0.078784
4507;-0.09258098853640423;-0.092361964
3130;-0.09178436789258408;-0.09891116
3073;-0.09414497025982449;-0.08826151
2927;-0.0863040920553701;-0.08953305
4816;-0.09290426967476484;-0.08522807
6257;-0.08802776767127804;-0.09402329
3967;-0.08302817651998258;-0.08182297
4250;-0.0926868354410118;-0.099850334
2932;-0.09327997478150826;-0.09499886
5926;-0.09435653009667597;-0.093950145
6521;-0.09213198714951068;-0.08439014
6374;-0.09181792855216568;-0.07626386
2725;-0.09404885965112268;-0.091263086
4500;-0.09498666619663725;-0.09493013
2422;-0.09219479863598426;-0.09215209
3331;-0.09461969841795764;-0.07787911
3196;-0.0851187278813812;0.08756818
3874;-0.08058172466211849;-0.07902907
4468;-0.09416535735864003;-0.08539362
4887;-0.09188200229130021;-0.08748049
5256;-0.08690900640165387;-0.01846495
2295;-0.09327997478150826;-0.09040103
5503;-0.09421195644164695;-0.09293876
491;-0.09424370206694543;-0.09120697
1201;-0.09510432888122976;-0.079026096
5100;-0.09457805048752019;-0.08889176
98;-0.09327997478150826;0.48067564
3954;-0.08816986109011402;-0.089206904
1426;-0.09311315006434343;-0.09522699
1456;-0.09327997478150826;-0.09148215
6931;-0.09034423255207136;-0.07621585
2047;-0.08449022274932516;-0.08509225
4650;-0.08768808482067607;-0.080496594
4987;-0.09205674885257621;-0.089671165
5854;-0.08390623838117395;-0.08795395
2296;-0.0946779472717163;-0.08721424
2572;-0.06708297976764509;-0.091163196
5277;-0.08543579561451137;-0.084963314
6652;-0.08663960545302003;-0.09472944
4582;-0.03422728684096999;-0.07334547
4657;-0.08139720861473985;-0.091530435
4139;-0.07615481177645968;-0.088185936
8;-0.09388052046376014;-0.06993144
5689;-0.09421195644164695;-0.092770636
3315;-0.07207739201335288;-0.0881551
4867;-0.0942410808685263;-0.08838109
3261;-0.08492126426713931;-0.07948446
4329;-0.029078088168703685;-0.0813434
3835;-0.09464494521864225;-0.0946889
6971;-0.09188200229130021;-0.08068004
1783;-0.0855296240331229;-0.08581209
1937;-0.09310522822023225;-0.08742729
268;-0.09418283201476763;0.49375835
6611;-0.09362946790406027;-0.09107535
795;-0.09392071217285361;-0.088818245
2041;-0.09374596561157761;-0.09304487
313;-0.042965197393307876;-0.06686662
69;-0.09453939072328056;-0.08024726
5137;-0.08955204814095347;-0.058090314
6070;-0.08902052735040561;-0.09374263
4883;-0.09191574468730554;-0.091372095
328;-0.09339647248902559;-0.09576297
3889;-0.0882413324336759;-0.0856102
2424;-0.07178614774455953;-0.07227681
2673;-0.0945189209110927;-0.0932447
2172;-0.09284310837831825;-0.09309664
1053;-0.09457950670886416;-0.094547465
2608;-0.08751333825940007;-0.08871949
4254;-0.09412970673018557;-0.08200535
4917;-0.08908605731088412;-0.086117946
4232;-0.09529684134290216;-0.08943271
4206;-0.09362946790406027;-0.06980216
1875;-0.08867831533457343;-0.1013609
4131;-0.0924256580655516;-0.09213528
1258;-0.09466920994365251;-0.08156701
6934;-0.08670793543589872;-0.086419255
6410;-0.0946779472717163;-0.091840565
1644;-0.09488181825987164;-0.08671778
5538;-0.08693084972181338;-0.089444354
5424;-0.09362946790406027;-0.09762365
3370;-0.08663960545302003;-0.086953886
3511;-0.09118301604619619;-0.091701746
6606;-0.09482648184880091;-0.076008596
6775;-0.0945032007104403;-0.09258817
2458;-0.08553287723160533;-0.077441454
710;-0.0934696534364453;-0.08085292
6481;-0.09275573509768024;-0.09053913
5531;-0.0915325091687482;-0.09438958
3377;-0.09408963384875375;-0.08213574
4403;-0.09345472134278426;-0.093294136
3279;-0.09362946790406027;-0.093119286
5138;-0.09392857576811103;-0.09259856
6546;-0.09304697936647359;-0.09412721
5779;-0.07032330933080583;-0.068927154
2857;-0.09362946790406027;-0.08058481
1867;-0.0924644908288869;-0.09318896
4889;-0.07382485762611293;-0.0844179
4841;-0.09058014040979397;-0.08251391
3948;-0.08557994230544233;-0.08960154
873;-0.0765043048990117;-0.07622292
1198;-0.0911869478438249;-0.09546346
497;-0.08197969715232654;-0.08051337
559;-0.09421195644164695;-0.08653003
6609;-0.09421195644164695;-0.09585366
4516;-0.060427621261619144;-0.09309653
5988;-0.09370184792974079;-0.09357996
3316;-0.025478309006417964;-0.0881551
4205;-0.08896955960336678;-0.08174896
6943;-0.09226762426539603;-0.09652248
394;-0.09503093532549384;-0.087248474
805;-0.07474227707281196;-0.063526325
4978;-0.09238937077712557;-0.09034451
2025;-0.09447416132688745;-0.08406689
4997;-0.038863895600160014;-0.08734782
1334;-0.08838707106578009;-0.08837291
3212;-0.07847602859874263;-0.08356315
3597;-0.09304697936647359;-0.076787196
5596;-0.08743031267320661;-0.08068962
4001;-0.08611536576919201;-0.086481206
6008;-0.09441388774297213;-0.08728426
1732;-0.06562341901689239;-0.09179667
6366;-0.0924644908288869;-0.08201287
3028;-0.09456144956419897;-0.0999759
5835;-0.09348876197292083;-0.08422377
6600;-0.09362946790406027;-0.08582804
6486;-0.09188895137955362;-0.087167464
1087;-0.09298843926844612;-0.08639027
1992;-0.09317803928743058;-0.09027829
6672;-0.08768808482067607;-0.07601452
5249;-0.08937847820652338;-0.08857102
1596;-0.09013453667854016;-0.09115454
3493;-0.09082454677527997;-0.08865028
1754;-0.09304697936647359;-0.08977532
979;-0.09205674885257621;-0.08995928
4483;-0.09100826948492018;0.01217273
4627;-0.09339647248902559;-0.08869246
2277;-0.09461969841795764;-0.0855544
1135;-0.08610750275642313;-0.09161975
5395;-0.0895624164369225;-0.08897273
793;-0.09187967233714986;-0.0778915
1569;-0.09356539416492574;-0.09765659
4248;-0.08058206949533275;-0.08726782
6830;-0.09460222376183004;-0.09334587
1953;-0.08300936214021853;-0.039026394
579;-0.09105195612523918;-0.092833884
5368;-0.08287964194289797;-0.07802409
3007;-0.07595039324907901;-0.09057619
975;-0.0924644908288869;-0.078945346
4382;-0.09362946790406027;-0.08387723
4010;-0.0888239374689701;-0.08125734
6742;-0.08765896039379674;-0.08185406
4288;-0.0923771175482489;-0.088861704
3979;-0.09050732934259563;-0.089850865
2304;-0.09421195644164695;-0.09310217
1430;-0.08382247652946899;-0.09038627
3543;-0.02926538153307931;-0.09330188
4361;-0.09362946790406027;-0.09385477
3859;-0.09415370758788828;-0.092955165
4983;-0.09234799312136956;-0.09266046
5905;-0.09083352292364417;-0.083801284
5827;-0.09218553706823664;-0.09180665
772;-0.07790227738921973;-0.093325965
454;-0.08670793543589872;-0.09471441
759;-0.0930470026660151;-0.09133124
1550;-0.09386246331909494;-0.08488863
2793;-0.0837271627650866;-0.089856245
2375;-0.07930024987942778;-0.084000826
989;-0.08110602259480028;-0.09016118
3119;-0.09424108203350337;-0.0840044
4836;-0.08804002439508594;-0.092002384
4912;-0.08698909857557205;-0.08221798
2789;-0.09299455539809078;-0.08810257
1183;-0.0949718127389288;-0.08717724
5141;-0.0924644908288869;-0.09213825
2574;-0.08859769134862044;-0.087520204
4630;-0.09367024210169134;-0.08260921
3695;-0.0926741867024181;-0.08154994
3944;-0.08663960545302003;-0.08885876
1789;-0.09479444497923364;-0.09432121
5958;-0.09441388774297213;-0.04661532
5824;-0.09240857192927858;-0.09346539
5575;-0.09402090020131852;-0.092437275
2020;-0.08605711691543334;-0.0806566
3446;-0.08093584623859017;-0.0927128
5639;-0.0924663489673218;-0.08308337
1532;-0.09387896754931893;-0.092659794
151;-0.09444495185668163;-0.091700315
1079;-0.0822485528916892;-0.08325952
5489;-0.08838707106578009;-0.08487111
5935;-0.09359626605741783;-0.04556921
5817;-0.09287223280519757;-0.07993466
2674;-0.09280289569963741;-0.09194324
4245;-0.09129951375371352;-0.0750624
788;-0.09129951375371352;-0.07634372
649;-0.04901841827590872;-0.06544533
4606;-0.08629011233046802;-0.08570727
407;-0.08832882221202143;-0.08498757
691;-0.09173638015690354;-0.083742164
489;-0.09013453667854016;-0.06893993
3139;-0.09050732934259563;-0.089850865
6919;-0.09042322032772226;-0.08922262
6816;-0.0837271627650866;-0.056049798
953;-0.08994056799552379;-0.08887679
2587;-0.05789379612311706;-0.08410116
306;-0.048195361972298734;-0.080498345
2455;-0.08875983460540869;-0.0832076
4537;-0.08629011233046802;-0.084471114
5220;-0.09365865640467874;-0.08851021
6651;-0.06025287470034314;-0.089230865
558;-0.09421195644164695;-0.0915466
4303;-0.09389974258550049;-0.08424143
5161;-0.09250070996615403;-0.08915956
3351;-0.09310522822023225;-0.09387814
2803;-0.09191695160355541;-0.09162943
1674;-0.07539757667759699;-0.09110602
1223;-0.09078086595984634;-0.09595734
2156;-0.09074614964300617;-0.09128578
2312;-0.0945032007104403;-0.093870185
3937;-0.08611979268207767;-0.093441516
4319;-0.06828276169791635;-0.08570287
5816;-0.09461969841795764;-0.09088552
5168;-0.09227731396221879;-0.09277596
2524;-0.09502744039426832;-0.09435859
1212;-0.09068137691762654;-0.086724885
609;-0.09098799888381216;-0.09245033
5757;-0.05141273740965879;-0.059673473
1646;-0.09408369246567037;-0.09266009
830;-0.09421195644164695;-0.088971734
694;-0.08812495122386609;-0.09675795
1528;-0.0924644908288869;-0.0929508
3905;0.02263058428994164;-0.021315325
734;-0.08961029699471214;-0.09055323
2279;-0.09491094268675097;-0.08668658
1369;-0.09437447074363364;-0.06582794
3374;-0.08663960545302003;-0.086953886
2240;-0.09188200229130021;-0.09245015
143;-0.09288155262179897;-0.08278184
523;-0.09083352292364417;-0.089884825
1692;-0.0924644908288869;-0.093191475
320;-0.08786283138195207;-0.07895004
578;-0.09231886869449023;-0.092833884
6655;-0.08955204814095347;-0.09506904
3121;-0.09138781901601166;-0.09037661
2917;-0.08411267231889467;-0.09013625
2787;-0.0924644908288869;-0.0842455
3141;-0.08864686095354375;-0.09488821
3014;-0.09310522822023225;-0.089272
6665;-0.0837271627650866;-0.07639428
1594;-0.09308798655951969;-0.09825024
5763;-0.08439119969793542;-0.07981889
2463;-0.09484636917245119;-0.09453817
4072;-0.0940892843556312;-0.090713635
2219;-0.09327997478150826;-0.09278204
4015;-0.03412220707376643;-0.08744808
4312;-0.08805714722813685;-0.086487204
6853;-0.09409545873412963;-0.09300152
5880;-0.09374014072620174;-0.084589355
254;-0.09421195644164695;-0.08831612
2939;-0.09487890581718371;0.086056106
1008;-0.0923324686368658;-0.09120298
1925;-0.08363396459907273;-0.0842292
2065;-0.09223149541385223;-0.088571995
2011;-0.09211499770633488;-0.09179403
4599;-0.09316989668016366;-0.08779804
4221;-0.08955204814095347;-0.07787394
5004;-0.08375628719196594;-0.08299712
4356;-0.008865735914445668;-0.07918449
589;-0.09417754418382342;-0.089933544
453;-0.08838707106578009;-0.08968364
3888;-0.08988581407299064;-0.07978378
3813;-0.09514393810178566;-0.09504817
617;-0.09293048165895625;-0.08890044
3071;-0.09275573509768024;-0.08792339
3359;-0.09375069541850281;-0.07238053
4835;-0.09067916346118371;0.053706978
6878;-0.06741748371265938;-0.09137194
1034;-0.08907601870342735;-0.07975642
2233;-0.09392071217285361;-0.07575016
4339;-0.09380095252952579;-0.09106862
1474;-0.07498983470128631;-0.03343804
2645;-0.09444495185668163;-0.08462537
5609;-0.09345472134278426;-0.08810764
5038;-0.09258098853640423;-0.09693047
5104;-0.09188200229130021;-0.08425283
1299;-0.0924644908288869;-0.08860207
778;-0.0924644908288869;-0.08182335
1142;-0.09444495185668163;-0.094765365
3993;-0.0924644908288869;-0.090206444
6021;-0.0861539736919518;-0.06805234
3188;-0.09282773068092595;-0.088289626
1337;-0.09296688136767003;-0.088984445
3908;-0.09304697936647359;-0.0795826
659;-0.09491094268675097;-0.09077392
2880;-0.09327997478150826;-0.090768605
2222;-0.09258098853640423;-0.09245015
4084;-0.0909593404477629;-0.09073472
2527;-0.08516265916688598;-0.053509455
1285;-0.09383333889221561;-0.076197505
1919;-0.07032992640059281;-0.07470132
762;-0.09380421446533628;-0.09167922
2290;-0.09409545873412963;-0.09417323
4525;-0.08346620790024777;-0.08753225
6300;-0.08511173801893016;0.068146415
5444;-0.09141601146123086;-0.0864444
2114;-0.0942713702724808;-0.08905512
5269;-0.08081472007715317;-0.08521883
6558;0.06529903464524159;0.03696715
2292;-0.09409545873412963;-0.08599506
5228;-0.09160712595041305;-0.09277596
4454;-0.08139720861473985;-0.07875694
4971;-0.09219293234270984;-0.095844075
5801;-0.08733859169812405;-0.095694095
3733;-0.06392255248713927;-0.09152512
2085;-0.07673938329305678;-0.09063974
2372;-0.08215444371360255;-0.094718024
787;-0.09129951375371352;-0.0956288
5247;-0.09047179754180285;-0.08340219
5434;-0.09452239487273086;-0.094231956
1881;-0.08997143988801588;-0.08024007
1600;-0.08281032580692516;-0.08424368
591;-0.09304697936647359;-0.05654554
5397;-0.0946779472717163;-0.09406883
1544;-0.09056100100142594;-0.09283715
1659;-0.08908605731088412;-0.062199865
185;-0.0924644908288869;-0.09466062
3754;-0.07448438318523815;-0.060244586
1894;-0.09402264766693129;-0.096156776
2146;-0.09283728349294237;-0.08186211
5941;-0.09441388774297213;-0.09261368
5574;-0.0946562122944248;-0.09376293
1018;-0.0943284541491643;-0.092462845
4168;-0.09491094268675097;-0.09017155
5464;-0.04644789635953867;-0.09002046
4788;-0.09386246331909494;-0.09452934
5542;-0.09071702521612683;-0.09453349
718;0.0670022054996494;-0.067870736
4628;-0.09304697936647359;-0.092979036
4700;-0.06916494932541944;-0.07685482
2567;-0.09219887605574736;-0.08001647
6874;-0.09312692009337198;-0.0938144
353;-0.0837271627650866;-0.053774573
2349;-0.062105188249868805;-0.09557818
3285;-0.08663960545302003;-0.081153445
942;-0.09420030667089523;-0.06954989
1191;-0.08998998690554118;-0.09092817
2206;-0.0945032007104403;-0.09350978
3518;-0.08567896535683207;-0.08059542
3752;-0.09484636917245119;-0.092520766
1568;-0.08314462821090544;-0.082533
2314;-0.09188200229130021;-0.09115853
5936;-0.09359626605741783;-0.075853236
6661;-0.08081472007715317;-0.0792137
1800;-0.08727068168948098;-0.093224056
6466;-0.09388285041791047;-0.08481536
1630;-0.0895777941343148;-0.086069904
3698;-0.08194865051327317;-0.05752815
